[
{
  "model": "webapp.product",
  "pk": 1,
  "fields": {
    "name": "\u0440\u0435\u0437\u0438\u043d\u043e\u0432\u0430\u044f \u043b\u043e\u0434\u043a\u0430",
    "description": "\u043e\u0442\u043b\u0438\u0447\u043d\u0430\u044f \u043b\u043e\u0434\u043a\u0430 \u0434\u043b\u044f \u0441\u043f\u043b\u0430\u0432\u0430 \u043f\u043e \u0433\u043e\u0440\u043d\u044b\u043c \u0440\u0435\u043a\u0430\u043c",
    "category": "household",
    "amount": 1,
    "price": "100.00"
  }
},
{
  "model": "webapp.product",
  "pk": 2,
  "fields": {
    "name": "\u0421\u043e\u043a",
    "description": "\u0418\u0437 \u043d\u0430\u0442\u0443\u0440\u0430\u043b\u044c\u043d\u044b\u0445 \u043f\u0440\u043e\u0434\u0443\u043a\u0442\u043e\u0432",
    "category": "food",
    "amount": 18,
    "price": "50.00"
  }
},
{
  "model": "webapp.product",
  "pk": 3,
  "fields": {
    "name": "\u041a\u0440\u0430\u043d",
    "description": "\u0411\u0430\u0448\u0435\u043d\u043d\u044b\u0439 \u043a\u0440\u0430\u043d \u0434\u043b\u044f \u0434\u0435\u0442\u0435\u0439 \u0441\u0442\u0430\u0440\u0448\u0435 1 \u0433\u043e\u0434\u0430",
    "category": "toys",
    "amount": 3,
    "price": "120.00"
  }
},
{
  "model": "webapp.product",
  "pk": 4,
  "fields": {
    "name": "\u0422\u0435\u043b\u0435\u0432\u0438\u0437\u043e\u0440",
    "description": "LCD WIFI Internet  120'",
    "category": "appliances",
    "amount": 0,
    "price": "1050.00"
  }
},
{
  "model": "webapp.product",
  "pk": 5,
  "fields": {
    "name": "\u043c\u0443\u0445\u043e\u0431\u043e\u0439\u043a\u0430",
    "description": "\u043e\u0442\u043b\u0438\u0447\u043d\u044b\u0439 \u0434\u0435\u0432\u0430\u0439\u0441 \u0434\u043b\u044f \u0442\u0440\u0435\u043d\u0438\u0440\u043e\u0432\u043a\u0438 \u0441\u043a\u043e\u0440\u043e\u0441\u0442\u0438 \u0438 \u043c\u0435\u0442\u043a\u043e\u0441\u0442\u0438",
    "category": "other",
    "amount": 0,
    "price": "35.00"
  }
},
{
  "model": "webapp.product",
  "pk": 6,
  "fields": {
    "name": "\u041b\u0435\u043f\u0435\u0448\u043a\u0430 \u0442\u0430\u043d\u0434\u044b\u0440\u043d\u0430\u044f",
    "description": "\u0421\u0434\u0435\u043b\u0430\u043d\u043e \u0441\u0432\u043e\u0438\u043c\u0438 \u0440\u0443\u043a\u0430\u043c\u0438  \u044e \u043a\u0430\u0447\u0435\u0441\u0442\u0432\u043e!",
    "category": "food",
    "amount": 12,
    "price": "22.00"
  }
},
{
  "model": "webapp.product",
  "pk": 7,
  "fields": {
    "name": "\u041c\u0430\u0448\u0438\u043d\u043a\u0430",
    "description": "\u0412\u043e\u0435\u043d\u043d\u0430\u044f \u0442\u0435\u0445\u043d\u0438\u043a\u0430",
    "category": "toys",
    "amount": 5,
    "price": "120.00"
  }
},
{
  "model": "webapp.product",
  "pk": 8,
  "fields": {
    "name": "\u041d\u0430\u0431\u043e\u0440 \u0438\u043d\u0441\u0442\u0440\u0443\u043c\u0435\u043d\u0442\u043e\u0432",
    "description": "\u0425\u0440\u043e\u043c\u0438\u0443\u043c 1025",
    "category": "household",
    "amount": 2,
    "price": "130.00"
  }
},
{
  "model": "webapp.product",
  "pk": 9,
  "fields": {
    "name": "\u0417\u0430\u0440\u044f\u0434\u043d\u043e\u0435 \u0443\u0441\u0442\u0440\u043e\u0439\u0441\u0442\u0432\u043e",
    "description": "\u0417\u0430\u0440\u044f\u0434\u043d\u043e\u0435 \u0443\u0441\u0442\u0440\u043e\u0439\u0441\u0442\u0432\u043e \r\n\u041f\u0440\u0435\u0434\u043d\u0430\u0437\u043d\u0430\u0447\u0435\u043d\u043d\u043e \u0434\u043b\u044f \u0437\u0430\u0440\u044f\u0434\u043a\u0438 \u0410\u041a\u0411 6V-24V",
    "category": "appliances",
    "amount": 0,
    "price": "1250.00"
  }
},
{
  "model": "webapp.product",
  "pk": 10,
  "fields": {
    "name": "\u041d\u0430\u0441\u0442\u043e\u043b\u044c\u043d\u0430\u044f \u043b\u0430\u043c\u043f\u0430",
    "description": "\u0421\u0432\u0435\u0442\u043e\u0434\u0438\u043e\u0434\u043d\u0430\u044f \u043d\u0430\u0441\u0442\u043e\u043b\u044c\u043d\u0430\u044f \u043b\u0430\u043c\u043f\u0430\r\n5w\r\ncollor - wite",
    "category": "other",
    "amount": 2,
    "price": "580.00"
  }
},
{
  "model": "webapp.product",
  "pk": 11,
  "fields": {
    "name": "\u0421\u0430\u0431\u0431\u0443\u0444\u0435\u0440",
    "description": "\u0417\u0432\u0443\u043a\u043e\u0432\u043e\u0439 \u0443\u0441\u0438\u043b\u0438\u0442\u0435\u043b\u044c\r\n30w\r\nBlueTouth",
    "category": "other",
    "amount": 0,
    "price": "2525.00"
  }
},
{
  "model": "webapp.product",
  "pk": 12,
  "fields": {
    "name": "\u0422\u0435\u043b\u0435\u0444\u043e\u043d",
    "description": "\u0422\u0435\u043b\u0435\u0444\u043e\u043d \u043d\u0430\u0441\u0442\u043e\u043b\u044c\u043d\u044b\u0439 \u043f\u0440\u043e\u0432\u043e\u0434\u043d\u043e\u0439",
    "category": "appliances",
    "amount": 6,
    "price": "680.00"
  }
},
{
  "model": "webapp.product",
  "pk": 19,
  "fields": {
    "name": "\u0410\u0434\u0430\u043f\u0442\u0435\u0440",
    "description": "~220v  -  ~380v",
    "category": "appliances",
    "amount": 1484,
    "price": "1850.00"
  }
},
{
  "model": "webapp.product",
  "pk": 20,
  "fields": {
    "name": "\u0418\u0437\u043e\u043b\u0435\u043d\u0442\u0430",
    "description": "\u0436\u0430\u0440\u043e\u0441\u0442\u043e\u0439\u043a\u0430\u044f, 2000v.",
    "category": "household",
    "amount": 3000,
    "price": "25.00"
  }
},
{
  "model": "webapp.product",
  "pk": 21,
  "fields": {
    "name": "\u041d\u0430\u0431\u043e\u0440 \"\u042e\u043d\u044b\u0439 \u0440\u0430\u0434\u0438\u043e\u043b\u044e\u0431\u0438\u0442\u0435\u043b\u044c\"",
    "description": "1500 \u043a\u043e\u043c\u043f\u043e\u043d\u0435\u043d\u0442\u043e\u0432! \r\n\u041f\u043e\u0434\u0440\u043e\u0431\u043d\u0430\u044f \u0438\u043d\u0441\u0442\u0440\u0443\u043a\u0446\u0438\u044f \u0441 \u043a\u0440\u0430\u0441\u043e\u0447\u043d\u044b\u043c\u0438 \u0441\u0445\u0435\u043c\u0430\u043c\u0438 \u0438 \u0434\u0435\u0442\u0430\u043b\u044c\u043d\u044b\u043c \u043e\u043f\u0438\u0441\u0430\u043d\u0438\u0435\u043c.",
    "category": "toys",
    "amount": 5,
    "price": "5000.00"
  }
},
{
  "model": "webapp.product",
  "pk": 22,
  "fields": {
    "name": "\u0427\u0430\u0441\u044b",
    "description": "\u042d\u043b\u0435\u043a\u0442\u0440\u043e\u043d\u043d\u044b\u0435 \u0441 bluetoth \u043f\u0440\u043e\u0438\u0433\u0440\u043e\u0432\u0430\u0442\u0435\u043b\u0435\u043c",
    "category": "appliances",
    "amount": 12,
    "price": "920.00"
  }
},
{
  "model": "webapp.product",
  "pk": 23,
  "fields": {
    "name": "\u0421\u0435\u043b\u0435\u0434\u043a\u0430",
    "description": "\u0421\u0435\u043b\u044c\u0434\u044c \u0442\u0438\u0445\u043e\u043e\u043a\u0435\u0430\u043d\u0441\u043a\u0430\u044f \u0441\u043e\u043b\u0451\u043d\u0430\u044f \u0432 \u043f\u0440\u0435\u0441\u0435\u0440\u0432\u0435.\r\n\r\n1200\u0433\u0440.",
    "category": "food",
    "amount": 23,
    "price": "280.00"
  }
},
{
  "model": "webapp.product",
  "pk": 24,
  "fields": {
    "name": "\u0421\u0430\u0445\u0430\u0440",
    "description": "\u0420\u0430\u0441\u0441\u044b\u043f\u043d\u043e\u0439",
    "category": "food",
    "amount": 160,
    "price": "40.00"
  }
},
{
  "model": "webapp.order",
  "pk": 57,
  "fields": {
    "user_name": "Sasha",
    "telephone": "0700 980578",
    "address": "Bishkek 4 dictrict",
    "created_time": "2020-09-20T16:20:08.832Z",
    "user": 2
  }
},
{
  "model": "webapp.order",
  "pk": 58,
  "fields": {
    "user_name": "Admin",
    "telephone": "0700 980578",
    "address": "Bishkek 4 dictrict",
    "created_time": "2020-09-20T17:40:21.342Z",
    "user": 1
  }
},
{
  "model": "webapp.order",
  "pk": 59,
  "fields": {
    "user_name": "zfbvsd",
    "telephone": "0700 980578",
    "address": "Bishkek 4 dictrict",
    "created_time": "2020-09-20T17:56:10.469Z",
    "user": null
  }
},
{
  "model": "webapp.order",
  "pk": 60,
  "fields": {
    "user_name": "Sasha",
    "telephone": "0700 980578",
    "address": "Bishkek 4 dictrict",
    "created_time": "2020-09-20T17:58:05.707Z",
    "user": 3
  }
},
{
  "model": "webapp.order",
  "pk": 61,
  "fields": {
    "user_name": "Sasha",
    "telephone": "0700 980578",
    "address": "Bishkek 4 dictrict",
    "created_time": "2020-09-21T07:49:48.140Z",
    "user": 3
  }
},
{
  "model": "webapp.order",
  "pk": 62,
  "fields": {
    "user_name": "Sasha",
    "telephone": "0700 980578",
    "address": "Bishkek 4 dictrict",
    "created_time": "2020-09-21T10:02:09.013Z",
    "user": 3
  }
},
{
  "model": "webapp.productorder",
  "pk": 1,
  "fields": {
    "order": 42,
    "product": 12,
    "amount": 4
  }
},
{
  "model": "webapp.productorder",
  "pk": 2,
  "fields": {
    "order": 42,
    "product": 10,
    "amount": 2
  }
},
{
  "model": "webapp.productorder",
  "pk": 3,
  "fields": {
    "order": 42,
    "product": 8,
    "amount": 1
  }
},
{
  "model": "webapp.productorder",
  "pk": 4,
  "fields": {
    "order": 42,
    "product": 2,
    "amount": 1
  }
},
{
  "model": "webapp.productorder",
  "pk": 5,
  "fields": {
    "order": 42,
    "product": 3,
    "amount": 2
  }
},
{
  "model": "webapp.productorder",
  "pk": 6,
  "fields": {
    "order": 42,
    "product": 7,
    "amount": 1
  }
},
{
  "model": "webapp.productorder",
  "pk": 7,
  "fields": {
    "order": 42,
    "product": 6,
    "amount": 1
  }
},
{
  "model": "webapp.productorder",
  "pk": 8,
  "fields": {
    "order": 42,
    "product": 4,
    "amount": 4
  }
},
{
  "model": "webapp.productorder",
  "pk": 9,
  "fields": {
    "order": 43,
    "product": 12,
    "amount": 5
  }
},
{
  "model": "webapp.productorder",
  "pk": 10,
  "fields": {
    "order": 43,
    "product": 10,
    "amount": 2
  }
},
{
  "model": "webapp.productorder",
  "pk": 11,
  "fields": {
    "order": 43,
    "product": 8,
    "amount": 1
  }
},
{
  "model": "webapp.productorder",
  "pk": 12,
  "fields": {
    "order": 43,
    "product": 2,
    "amount": 1
  }
},
{
  "model": "webapp.productorder",
  "pk": 13,
  "fields": {
    "order": 43,
    "product": 3,
    "amount": 2
  }
},
{
  "model": "webapp.productorder",
  "pk": 14,
  "fields": {
    "order": 43,
    "product": 7,
    "amount": 1
  }
},
{
  "model": "webapp.productorder",
  "pk": 15,
  "fields": {
    "order": 43,
    "product": 6,
    "amount": 1
  }
},
{
  "model": "webapp.productorder",
  "pk": 16,
  "fields": {
    "order": 43,
    "product": 4,
    "amount": 4
  }
},
{
  "model": "webapp.productorder",
  "pk": 17,
  "fields": {
    "order": 44,
    "product": 12,
    "amount": 5
  }
},
{
  "model": "webapp.productorder",
  "pk": 18,
  "fields": {
    "order": 44,
    "product": 10,
    "amount": 2
  }
},
{
  "model": "webapp.productorder",
  "pk": 19,
  "fields": {
    "order": 44,
    "product": 8,
    "amount": 1
  }
},
{
  "model": "webapp.productorder",
  "pk": 20,
  "fields": {
    "order": 44,
    "product": 2,
    "amount": 1
  }
},
{
  "model": "webapp.productorder",
  "pk": 21,
  "fields": {
    "order": 44,
    "product": 3,
    "amount": 2
  }
},
{
  "model": "webapp.productorder",
  "pk": 22,
  "fields": {
    "order": 44,
    "product": 7,
    "amount": 1
  }
},
{
  "model": "webapp.productorder",
  "pk": 23,
  "fields": {
    "order": 44,
    "product": 6,
    "amount": 1
  }
},
{
  "model": "webapp.productorder",
  "pk": 24,
  "fields": {
    "order": 44,
    "product": 4,
    "amount": 4
  }
},
{
  "model": "webapp.productorder",
  "pk": 25,
  "fields": {
    "order": 45,
    "product": 12,
    "amount": 5
  }
},
{
  "model": "webapp.productorder",
  "pk": 26,
  "fields": {
    "order": 45,
    "product": 10,
    "amount": 2
  }
},
{
  "model": "webapp.productorder",
  "pk": 27,
  "fields": {
    "order": 45,
    "product": 8,
    "amount": 1
  }
},
{
  "model": "webapp.productorder",
  "pk": 28,
  "fields": {
    "order": 45,
    "product": 2,
    "amount": 1
  }
},
{
  "model": "webapp.productorder",
  "pk": 29,
  "fields": {
    "order": 45,
    "product": 3,
    "amount": 2
  }
},
{
  "model": "webapp.productorder",
  "pk": 30,
  "fields": {
    "order": 45,
    "product": 7,
    "amount": 1
  }
},
{
  "model": "webapp.productorder",
  "pk": 31,
  "fields": {
    "order": 45,
    "product": 6,
    "amount": 1
  }
},
{
  "model": "webapp.productorder",
  "pk": 32,
  "fields": {
    "order": 45,
    "product": 4,
    "amount": 4
  }
},
{
  "model": "webapp.productorder",
  "pk": 33,
  "fields": {
    "order": 45,
    "product": 1,
    "amount": 1
  }
},
{
  "model": "webapp.productorder",
  "pk": 34,
  "fields": {
    "order": 46,
    "product": 10,
    "amount": 2
  }
},
{
  "model": "webapp.productorder",
  "pk": 35,
  "fields": {
    "order": 46,
    "product": 1,
    "amount": 1
  }
},
{
  "model": "webapp.productorder",
  "pk": 36,
  "fields": {
    "order": 47,
    "product": 19,
    "amount": 1
  }
},
{
  "model": "webapp.productorder",
  "pk": 37,
  "fields": {
    "order": 47,
    "product": 20,
    "amount": 3
  }
},
{
  "model": "webapp.productorder",
  "pk": 38,
  "fields": {
    "order": 48,
    "product": 21,
    "amount": 1
  }
},
{
  "model": "webapp.productorder",
  "pk": 39,
  "fields": {
    "order": 49,
    "product": 22,
    "amount": 1
  }
},
{
  "model": "webapp.productorder",
  "pk": 40,
  "fields": {
    "order": 49,
    "product": 23,
    "amount": 1
  }
},
{
  "model": "webapp.productorder",
  "pk": 41,
  "fields": {
    "order": 49,
    "product": 24,
    "amount": 1
  }
},
{
  "model": "webapp.productorder",
  "pk": 42,
  "fields": {
    "order": 50,
    "product": 19,
    "amount": 1492
  }
},
{
  "model": "webapp.productorder",
  "pk": 43,
  "fields": {
    "order": 50,
    "product": 4,
    "amount": 3
  }
},
{
  "model": "webapp.productorder",
  "pk": 44,
  "fields": {
    "order": 50,
    "product": 12,
    "amount": 2
  }
},
{
  "model": "webapp.productorder",
  "pk": 45,
  "fields": {
    "order": 50,
    "product": 6,
    "amount": 12
  }
},
{
  "model": "webapp.productorder",
  "pk": 46,
  "fields": {
    "order": 50,
    "product": 24,
    "amount": 3
  }
},
{
  "model": "webapp.productorder",
  "pk": 47,
  "fields": {
    "order": 51,
    "product": 19,
    "amount": 500
  }
},
{
  "model": "webapp.productorder",
  "pk": 48,
  "fields": {
    "order": 52,
    "product": 19,
    "amount": 57
  }
},
{
  "model": "webapp.productorder",
  "pk": 49,
  "fields": {
    "order": 52,
    "product": 4,
    "amount": 1
  }
},
{
  "model": "webapp.productorder",
  "pk": 50,
  "fields": {
    "order": 53,
    "product": 4,
    "amount": 1
  }
},
{
  "model": "webapp.productorder",
  "pk": 51,
  "fields": {
    "order": 54,
    "product": 4,
    "amount": 1
  }
},
{
  "model": "webapp.productorder",
  "pk": 52,
  "fields": {
    "order": 54,
    "product": 19,
    "amount": 1
  }
},
{
  "model": "webapp.productorder",
  "pk": 53,
  "fields": {
    "order": 54,
    "product": 24,
    "amount": 10
  }
},
{
  "model": "webapp.productorder",
  "pk": 54,
  "fields": {
    "order": 54,
    "product": 19,
    "amount": 1
  }
},
{
  "model": "webapp.productorder",
  "pk": 55,
  "fields": {
    "order": 55,
    "product": 19,
    "amount": 1
  }
},
{
  "model": "webapp.productorder",
  "pk": 56,
  "fields": {
    "order": 55,
    "product": 4,
    "amount": 1
  }
},
{
  "model": "webapp.productorder",
  "pk": 57,
  "fields": {
    "order": 56,
    "product": 19,
    "amount": 2
  }
},
{
  "model": "webapp.productorder",
  "pk": 58,
  "fields": {
    "order": 57,
    "product": 19,
    "amount": 1
  }
},
{
  "model": "webapp.productorder",
  "pk": 59,
  "fields": {
    "order": 57,
    "product": 12,
    "amount": 1
  }
},
{
  "model": "webapp.productorder",
  "pk": 60,
  "fields": {
    "order": 57,
    "product": 23,
    "amount": 1
  }
},
{
  "model": "webapp.productorder",
  "pk": 61,
  "fields": {
    "order": 57,
    "product": 2,
    "amount": 1
  }
},
{
  "model": "webapp.productorder",
  "pk": 62,
  "fields": {
    "order": 58,
    "product": 5,
    "amount": 1
  }
},
{
  "model": "webapp.productorder",
  "pk": 63,
  "fields": {
    "order": 58,
    "product": 10,
    "amount": 1
  }
},
{
  "model": "webapp.productorder",
  "pk": 64,
  "fields": {
    "order": 59,
    "product": 19,
    "amount": 1
  }
},
{
  "model": "webapp.productorder",
  "pk": 65,
  "fields": {
    "order": 59,
    "product": 23,
    "amount": 1
  }
},
{
  "model": "webapp.productorder",
  "pk": 66,
  "fields": {
    "order": 59,
    "product": 2,
    "amount": 1
  }
},
{
  "model": "webapp.productorder",
  "pk": 67,
  "fields": {
    "order": 59,
    "product": 10,
    "amount": 1
  }
},
{
  "model": "webapp.productorder",
  "pk": 68,
  "fields": {
    "order": 59,
    "product": 3,
    "amount": 1
  }
},
{
  "model": "webapp.productorder",
  "pk": 69,
  "fields": {
    "order": 60,
    "product": 24,
    "amount": 30
  }
},
{
  "model": "webapp.productorder",
  "pk": 70,
  "fields": {
    "order": 61,
    "product": 19,
    "amount": 1
  }
},
{
  "model": "webapp.productorder",
  "pk": 71,
  "fields": {
    "order": 62,
    "product": 19,
    "amount": 1
  }
},
{
  "model": "webapp.productorder",
  "pk": 72,
  "fields": {
    "order": 62,
    "product": 23,
    "amount": 1
  }
},
{
  "model": "webapp.productorder",
  "pk": 73,
  "fields": {
    "order": 62,
    "product": 10,
    "amount": 1
  }
},
{
  "model": "webapp.productorder",
  "pk": 74,
  "fields": {
    "order": 62,
    "product": 3,
    "amount": 1
  }
},
{
  "model": "accounts.profile",
  "pk": 1,
  "fields": {
    "user": 1,
    "git_hub": "https://github.com/Illarionov81",
    "avatar": "user_pics/Huck.jpeg",
    "about_me": "Admin"
  }
},
{
  "model": "accounts.profile",
  "pk": 2,
  "fields": {
    "user": 2,
    "git_hub": null,
    "avatar": "",
    "about_me": null
  }
},
{
  "model": "accounts.profile",
  "pk": 3,
  "fields": {
    "user": 3,
    "git_hub": "https://github.com/Illarionov81",
    "avatar": "user_pics/enot.jpg",
    "about_me": "Moderator"
  }
}
]
