[
{
  "model": "webapp.product",
  "pk": 1,
  "fields": {
    "name": "\u0440\u0435\u0437\u0438\u043d\u043e\u0432\u0430\u044f \u043b\u043e\u0434\u043a\u0430",
    "description": "\u043e\u0442\u043b\u0438\u0447\u043d\u0430\u044f \u043b\u043e\u0434\u043a\u0430 \u0434\u043b\u044f \u0441\u043f\u043b\u0430\u0432\u0430 \u043f\u043e \u0433\u043e\u0440\u043d\u044b\u043c \u0440\u0435\u043a\u0430\u043c",
    "category": "household",
    "amount": 1,
    "price": "100.00"
  }
},
{
  "model": "webapp.product",
  "pk": 2,
  "fields": {
    "name": "\u0421\u043e\u043a",
    "description": "\u0418\u0437 \u043d\u0430\u0442\u0443\u0440\u0430\u043b\u044c\u043d\u044b\u0445 \u043f\u0440\u043e\u0434\u0443\u043a\u0442\u043e\u0432",
    "category": "food",
    "amount": 16,
    "price": "50.00"
  }
},
{
  "model": "webapp.product",
  "pk": 3,
  "fields": {
    "name": "\u041a\u0440\u0430\u043d",
    "description": "\u0411\u0430\u0448\u0435\u043d\u043d\u044b\u0439 \u043a\u0440\u0430\u043d \u0434\u043b\u044f \u0434\u0435\u0442\u0435\u0439 \u0441\u0442\u0430\u0440\u0448\u0435 1 \u0433\u043e\u0434\u0430",
    "category": "toys",
    "amount": 3,
    "price": "120.00"
  }
},
{
  "model": "webapp.product",
  "pk": 4,
  "fields": {
    "name": "\u0422\u0435\u043b\u0435\u0432\u0438\u0437\u043e\u0440",
    "description": "LCD WIFI Internet  120'",
    "category": "appliances",
    "amount": 0,
    "price": "1050.00"
  }
},
{
  "model": "webapp.product",
  "pk": 5,
  "fields": {
    "name": "\u043c\u0443\u0445\u043e\u0431\u043e\u0439\u043a\u0430",
    "description": "\u043e\u0442\u043b\u0438\u0447\u043d\u044b\u0439 \u0434\u0435\u0432\u0430\u0439\u0441 \u0434\u043b\u044f \u0442\u0440\u0435\u043d\u0438\u0440\u043e\u0432\u043a\u0438 \u0441\u043a\u043e\u0440\u043e\u0441\u0442\u0438 \u0438 \u043c\u0435\u0442\u043a\u043e\u0441\u0442\u0438",
    "category": "other",
    "amount": 0,
    "price": "35.00"
  }
},
{
  "model": "webapp.product",
  "pk": 6,
  "fields": {
    "name": "\u041b\u0435\u043f\u0435\u0448\u043a\u0430 \u0442\u0430\u043d\u0434\u044b\u0440\u043d\u0430\u044f",
    "description": "\u0421\u0434\u0435\u043b\u0430\u043d\u043e \u0441\u0432\u043e\u0438\u043c\u0438 \u0440\u0443\u043a\u0430\u043c\u0438  \u044e \u043a\u0430\u0447\u0435\u0441\u0442\u0432\u043e!",
    "category": "food",
    "amount": 10,
    "price": "22.00"
  }
},
{
  "model": "webapp.product",
  "pk": 7,
  "fields": {
    "name": "\u041c\u0430\u0448\u0438\u043d\u043a\u0430",
    "description": "\u0412\u043e\u0435\u043d\u043d\u0430\u044f \u0442\u0435\u0445\u043d\u0438\u043a\u0430",
    "category": "toys",
    "amount": 5,
    "price": "120.00"
  }
},
{
  "model": "webapp.product",
  "pk": 8,
  "fields": {
    "name": "\u041d\u0430\u0431\u043e\u0440 \u0438\u043d\u0441\u0442\u0440\u0443\u043c\u0435\u043d\u0442\u043e\u0432",
    "description": "\u0425\u0440\u043e\u043c\u0438\u0443\u043c 1025",
    "category": "household",
    "amount": 1,
    "price": "130.00"
  }
},
{
  "model": "webapp.product",
  "pk": 9,
  "fields": {
    "name": "\u0417\u0430\u0440\u044f\u0434\u043d\u043e\u0435 \u0443\u0441\u0442\u0440\u043e\u0439\u0441\u0442\u0432\u043e",
    "description": "\u0417\u0430\u0440\u044f\u0434\u043d\u043e\u0435 \u0443\u0441\u0442\u0440\u043e\u0439\u0441\u0442\u0432\u043e \r\n\u041f\u0440\u0435\u0434\u043d\u0430\u0437\u043d\u0430\u0447\u0435\u043d\u043d\u043e \u0434\u043b\u044f \u0437\u0430\u0440\u044f\u0434\u043a\u0438 \u0410\u041a\u0411 6V-24V",
    "category": "appliances",
    "amount": 0,
    "price": "1250.00"
  }
},
{
  "model": "webapp.product",
  "pk": 10,
  "fields": {
    "name": "\u041d\u0430\u0441\u0442\u043e\u043b\u044c\u043d\u0430\u044f \u043b\u0430\u043c\u043f\u0430",
    "description": "\u0421\u0432\u0435\u0442\u043e\u0434\u0438\u043e\u0434\u043d\u0430\u044f \u043d\u0430\u0441\u0442\u043e\u043b\u044c\u043d\u0430\u044f \u043b\u0430\u043c\u043f\u0430\r\n5w\r\ncollor - wite",
    "category": "other",
    "amount": 1,
    "price": "580.00"
  }
},
{
  "model": "webapp.product",
  "pk": 11,
  "fields": {
    "name": "\u0421\u0430\u0431\u0431\u0443\u0444\u0435\u0440",
    "description": "\u0417\u0432\u0443\u043a\u043e\u0432\u043e\u0439 \u0443\u0441\u0438\u043b\u0438\u0442\u0435\u043b\u044c\r\n30w\r\nBlueTouth",
    "category": "other",
    "amount": 0,
    "price": "2525.00"
  }
},
{
  "model": "webapp.product",
  "pk": 12,
  "fields": {
    "name": "\u0422\u0435\u043b\u0435\u0444\u043e\u043d",
    "description": "\u0422\u0435\u043b\u0435\u0444\u043e\u043d \u043d\u0430\u0441\u0442\u043e\u043b\u044c\u043d\u044b\u0439 \u043f\u0440\u043e\u0432\u043e\u0434\u043d\u043e\u0439",
    "category": "appliances",
    "amount": 3,
    "price": "680.00"
  }
},
{
  "model": "webapp.product",
  "pk": 19,
  "fields": {
    "name": "\u0410\u0434\u0430\u043f\u0442\u0435\u0440",
    "description": "~220v  -  ~380v",
    "category": "appliances",
    "amount": 1477,
    "price": "1850.00"
  }
},
{
  "model": "webapp.product",
  "pk": 20,
  "fields": {
    "name": "\u0418\u0437\u043e\u043b\u0435\u043d\u0442\u0430",
    "description": "\u0436\u0430\u0440\u043e\u0441\u0442\u043e\u0439\u043a\u0430\u044f, 2000v.",
    "category": "household",
    "amount": 2998,
    "price": "25.00"
  }
},
{
  "model": "webapp.product",
  "pk": 21,
  "fields": {
    "name": "\u041d\u0430\u0431\u043e\u0440 \"\u042e\u043d\u044b\u0439 \u0440\u0430\u0434\u0438\u043e\u043b\u044e\u0431\u0438\u0442\u0435\u043b\u044c\"",
    "description": "1500 \u043a\u043e\u043c\u043f\u043e\u043d\u0435\u043d\u0442\u043e\u0432! \r\n\u041f\u043e\u0434\u0440\u043e\u0431\u043d\u0430\u044f \u0438\u043d\u0441\u0442\u0440\u0443\u043a\u0446\u0438\u044f \u0441 \u043a\u0440\u0430\u0441\u043e\u0447\u043d\u044b\u043c\u0438 \u0441\u0445\u0435\u043c\u0430\u043c\u0438 \u0438 \u0434\u0435\u0442\u0430\u043b\u044c\u043d\u044b\u043c \u043e\u043f\u0438\u0441\u0430\u043d\u0438\u0435\u043c.",
    "category": "toys",
    "amount": 2,
    "price": "5000.00"
  }
},
{
  "model": "webapp.product",
  "pk": 22,
  "fields": {
    "name": "\u0427\u0430\u0441\u044b",
    "description": "\u042d\u043b\u0435\u043a\u0442\u0440\u043e\u043d\u043d\u044b\u0435 \u0441 bluetoth \u043f\u0440\u043e\u0438\u0433\u0440\u043e\u0432\u0430\u0442\u0435\u043b\u0435\u043c",
    "category": "appliances",
    "amount": 11,
    "price": "920.00"
  }
},
{
  "model": "webapp.product",
  "pk": 23,
  "fields": {
    "name": "\u0421\u0435\u043b\u0435\u0434\u043a\u0430",
    "description": "\u0421\u0435\u043b\u044c\u0434\u044c \u0442\u0438\u0445\u043e\u043e\u043a\u0435\u0430\u043d\u0441\u043a\u0430\u044f \u0441\u043e\u043b\u0451\u043d\u0430\u044f \u0432 \u043f\u0440\u0435\u0441\u0435\u0440\u0432\u0435.\r\n\r\n1200\u0433\u0440.",
    "category": "food",
    "amount": 17,
    "price": "280.00"
  }
},
{
  "model": "webapp.product",
  "pk": 24,
  "fields": {
    "name": "\u0421\u0430\u0445\u0430\u0440",
    "description": "\u0420\u0430\u0441\u0441\u044b\u043f\u043d\u043e\u0439",
    "category": "food",
    "amount": 138,
    "price": "40.00"
  }
},
{
  "model": "webapp.order",
  "pk": 63,
  "fields": {
    "user_name": "Sasha",
    "telephone": "0700 980578",
    "address": "Bishkek 4 dictrict",
    "created_time": "2020-09-21T11:24:37.068Z",
    "user": 1
  }
},
{
  "model": "webapp.order",
  "pk": 64,
  "fields": {
    "user_name": "Sasha",
    "telephone": "0700 980578",
    "address": "Bishkek 4 dictrict",
    "created_time": "2020-09-21T11:25:08.242Z",
    "user": 1
  }
},
{
  "model": "webapp.order",
  "pk": 65,
  "fields": {
    "user_name": "Sasha",
    "telephone": "0700 980578",
    "address": "Bishkek 4 dictrict",
    "created_time": "2020-09-21T11:25:47.104Z",
    "user": null
  }
},
{
  "model": "webapp.order",
  "pk": 66,
  "fields": {
    "user_name": "Sasha",
    "telephone": "0700 980578",
    "address": "Bishkek 4 dictrict",
    "created_time": "2020-09-21T11:26:38.961Z",
    "user": 3
  }
},
{
  "model": "webapp.order",
  "pk": 67,
  "fields": {
    "user_name": "Sasha",
    "telephone": "0700 980578",
    "address": "Bishkek 4 dictrict",
    "created_time": "2020-09-21T11:27:21.099Z",
    "user": 2
  }
},
{
  "model": "webapp.order",
  "pk": 68,
  "fields": {
    "user_name": "Sasha",
    "telephone": "0700 980578",
    "address": "Bishkek 4 dictrict",
    "created_time": "2020-09-21T11:27:57.257Z",
    "user": 2
  }
},
{
  "model": "webapp.order",
  "pk": 69,
  "fields": {
    "user_name": "zfbvsd",
    "telephone": "654",
    "address": "fvddddv",
    "created_time": "2020-09-21T11:28:30.103Z",
    "user": null
  }
},
{
  "model": "webapp.order",
  "pk": 70,
  "fields": {
    "user_name": "Sasha",
    "telephone": "65451312654",
    "address": "dfbvs",
    "created_time": "2020-09-21T11:29:52.754Z",
    "user": 3
  }
},
{
  "model": "webapp.productorder",
  "pk": 75,
  "fields": {
    "order": 63,
    "product": 19,
    "amount": 1
  }
},
{
  "model": "webapp.productorder",
  "pk": 76,
  "fields": {
    "order": 63,
    "product": 12,
    "amount": 1
  }
},
{
  "model": "webapp.productorder",
  "pk": 77,
  "fields": {
    "order": 63,
    "product": 6,
    "amount": 1
  }
},
{
  "model": "webapp.productorder",
  "pk": 78,
  "fields": {
    "order": 64,
    "product": 10,
    "amount": 1
  }
},
{
  "model": "webapp.productorder",
  "pk": 79,
  "fields": {
    "order": 64,
    "product": 21,
    "amount": 2
  }
},
{
  "model": "webapp.productorder",
  "pk": 80,
  "fields": {
    "order": 65,
    "product": 19,
    "amount": 1
  }
},
{
  "model": "webapp.productorder",
  "pk": 81,
  "fields": {
    "order": 65,
    "product": 6,
    "amount": 1
  }
},
{
  "model": "webapp.productorder",
  "pk": 82,
  "fields": {
    "order": 65,
    "product": 24,
    "amount": 1
  }
},
{
  "model": "webapp.productorder",
  "pk": 83,
  "fields": {
    "order": 65,
    "product": 12,
    "amount": 1
  }
},
{
  "model": "webapp.productorder",
  "pk": 84,
  "fields": {
    "order": 66,
    "product": 23,
    "amount": 5
  }
},
{
  "model": "webapp.productorder",
  "pk": 85,
  "fields": {
    "order": 66,
    "product": 2,
    "amount": 2
  }
},
{
  "model": "webapp.productorder",
  "pk": 86,
  "fields": {
    "order": 67,
    "product": 19,
    "amount": 5
  }
},
{
  "model": "webapp.productorder",
  "pk": 87,
  "fields": {
    "order": 67,
    "product": 12,
    "amount": 1
  }
},
{
  "model": "webapp.productorder",
  "pk": 88,
  "fields": {
    "order": 68,
    "product": 23,
    "amount": 1
  }
},
{
  "model": "webapp.productorder",
  "pk": 89,
  "fields": {
    "order": 68,
    "product": 20,
    "amount": 1
  }
},
{
  "model": "webapp.productorder",
  "pk": 90,
  "fields": {
    "order": 68,
    "product": 21,
    "amount": 1
  }
},
{
  "model": "webapp.productorder",
  "pk": 91,
  "fields": {
    "order": 68,
    "product": 8,
    "amount": 1
  }
},
{
  "model": "webapp.productorder",
  "pk": 92,
  "fields": {
    "order": 69,
    "product": 20,
    "amount": 1
  }
},
{
  "model": "webapp.productorder",
  "pk": 93,
  "fields": {
    "order": 70,
    "product": 22,
    "amount": 1
  }
},
{
  "model": "webapp.productorder",
  "pk": 94,
  "fields": {
    "order": 70,
    "product": 24,
    "amount": 21
  }
},
{
  "model": "accounts.profile",
  "pk": 1,
  "fields": {
    "user": 1,
    "git_hub": "https://github.com/Illarionov81",
    "avatar": "user_pics/Huck.jpeg",
    "about_me": "Admin"
  }
},
{
  "model": "accounts.profile",
  "pk": 2,
  "fields": {
    "user": 2,
    "git_hub": null,
    "avatar": "",
    "about_me": null
  }
},
{
  "model": "accounts.profile",
  "pk": 3,
  "fields": {
    "user": 3,
    "git_hub": "https://github.com/Illarionov81",
    "avatar": "user_pics/enot.jpg",
    "about_me": "Moderator"
  }
}
]
