[
{
  "model": "webapp.product",
  "pk": 1,
  "fields": {
    "name": "\u0440\u0435\u0437\u0438\u043d\u043e\u0432\u0430\u044f \u043b\u043e\u0434\u043a\u0430",
    "description": "\u043e\u0442\u043b\u0438\u0447\u043d\u0430\u044f \u043b\u043e\u0434\u043a\u0430 \u0434\u043b\u044f \u0441\u043f\u043b\u0430\u0432\u0430 \u043f\u043e \u0433\u043e\u0440\u043d\u044b\u043c \u0440\u0435\u043a\u0430\u043c",
    "category": "household",
    "amount": 1,
    "price": "100.00"
  }
},
{
  "model": "webapp.product",
  "pk": 2,
  "fields": {
    "name": "\u0421\u043e\u043a",
    "description": "\u0418\u0437 \u043d\u0430\u0442\u0443\u0440\u0430\u043b\u044c\u043d\u044b\u0445 \u043f\u0440\u043e\u0434\u0443\u043a\u0442\u043e\u0432",
    "category": "food",
    "amount": 20,
    "price": "50.00"
  }
},
{
  "model": "webapp.product",
  "pk": 3,
  "fields": {
    "name": "\u041a\u0440\u0430\u043d",
    "description": "\u0411\u0430\u0448\u0435\u043d\u043d\u044b\u0439 \u043a\u0440\u0430\u043d \u0434\u043b\u044f \u0434\u0435\u0442\u0435\u0439 \u0441\u0442\u0430\u0440\u0448\u0435 1 \u0433\u043e\u0434\u0430",
    "category": "toys",
    "amount": 5,
    "price": "120.00"
  }
},
{
  "model": "webapp.product",
  "pk": 4,
  "fields": {
    "name": "\u0422\u0435\u043b\u0435\u0432\u0438\u0437\u043e\u0440",
    "description": "LCD WIFI Internet  120'",
    "category": "appliances",
    "amount": 4,
    "price": "1050.00"
  }
},
{
  "model": "webapp.product",
  "pk": 5,
  "fields": {
    "name": "\u043c\u0443\u0445\u043e\u0431\u043e\u0439\u043a\u0430",
    "description": "\u043e\u0442\u043b\u0438\u0447\u043d\u044b\u0439 \u0434\u0435\u0432\u0430\u0439\u0441 \u0434\u043b\u044f \u0442\u0440\u0435\u043d\u0438\u0440\u043e\u0432\u043a\u0438 \u0441\u043a\u043e\u0440\u043e\u0441\u0442\u0438 \u0438 \u043c\u0435\u0442\u043a\u043e\u0441\u0442\u0438",
    "category": "other",
    "amount": 1,
    "price": "35.00"
  }
},
{
  "model": "webapp.product",
  "pk": 6,
  "fields": {
    "name": "\u041b\u0435\u043f\u0435\u0448\u043a\u0430 \u0442\u0430\u043d\u0434\u044b\u0440\u043d\u0430\u044f",
    "description": "\u0421\u0434\u0435\u043b\u0430\u043d\u043e \u0441\u0432\u043e\u0438\u043c\u0438 \u0440\u0443\u043a\u0430\u043c\u0438  \u044e \u043a\u0430\u0447\u0435\u0441\u0442\u0432\u043e!",
    "category": "food",
    "amount": 12,
    "price": "22.00"
  }
},
{
  "model": "webapp.product",
  "pk": 7,
  "fields": {
    "name": "\u041c\u0430\u0448\u0438\u043d\u043a\u0430",
    "description": "\u0412\u043e\u0435\u043d\u043d\u0430\u044f \u0442\u0435\u0445\u043d\u0438\u043a\u0430",
    "category": "toys",
    "amount": 5,
    "price": "120.00"
  }
},
{
  "model": "webapp.product",
  "pk": 8,
  "fields": {
    "name": "\u041d\u0430\u0431\u043e\u0440 \u0438\u043d\u0441\u0442\u0440\u0443\u043c\u0435\u043d\u0442\u043e\u0432",
    "description": "\u0425\u0440\u043e\u043c\u0438\u0443\u043c 1025",
    "category": "household",
    "amount": 2,
    "price": "130.00"
  }
},
{
  "model": "webapp.product",
  "pk": 9,
  "fields": {
    "name": "\u0417\u0430\u0440\u044f\u0434\u043d\u043e\u0435 \u0443\u0441\u0442\u0440\u043e\u0439\u0441\u0442\u0432\u043e",
    "description": "\u0417\u0430\u0440\u044f\u0434\u043d\u043e\u0435 \u0443\u0441\u0442\u0440\u043e\u0439\u0441\u0442\u0432\u043e \r\n\u041f\u0440\u0435\u0434\u043d\u0430\u0437\u043d\u0430\u0447\u0435\u043d\u043d\u043e \u0434\u043b\u044f \u0437\u0430\u0440\u044f\u0434\u043a\u0438 \u0410\u041a\u0411 6V-24V",
    "category": "appliances",
    "amount": 0,
    "price": "1250.00"
  }
},
{
  "model": "webapp.product",
  "pk": 10,
  "fields": {
    "name": "\u041d\u0430\u0441\u0442\u043e\u043b\u044c\u043d\u0430\u044f \u043b\u0430\u043c\u043f\u0430",
    "description": "\u0421\u0432\u0435\u0442\u043e\u0434\u0438\u043e\u0434\u043d\u0430\u044f \u043d\u0430\u0441\u0442\u043e\u043b\u044c\u043d\u0430\u044f \u043b\u0430\u043c\u043f\u0430\r\n5w\r\ncollor - wite",
    "category": "other",
    "amount": 5,
    "price": "580.00"
  }
},
{
  "model": "webapp.product",
  "pk": 11,
  "fields": {
    "name": "\u0421\u0430\u0431\u0431\u0443\u0444\u0435\u0440",
    "description": "\u0417\u0432\u0443\u043a\u043e\u0432\u043e\u0439 \u0443\u0441\u0438\u043b\u0438\u0442\u0435\u043b\u044c\r\n30w\r\nBlueTouth",
    "category": "other",
    "amount": 0,
    "price": "2525.00"
  }
},
{
  "model": "webapp.product",
  "pk": 12,
  "fields": {
    "name": "\u0422\u0435\u043b\u0435\u0444\u043e\u043d",
    "description": "\u0422\u0435\u043b\u0435\u0444\u043e\u043d \u043d\u0430\u0441\u0442\u043e\u043b\u044c\u043d\u044b\u0439 \u043f\u0440\u043e\u0432\u043e\u0434\u043d\u043e\u0439",
    "category": "appliances",
    "amount": 7,
    "price": "680.00"
  }
},
{
  "model": "webapp.productorder",
  "pk": 1,
  "fields": {
    "order": 42,
    "product": 12,
    "amount": 4
  }
},
{
  "model": "webapp.productorder",
  "pk": 2,
  "fields": {
    "order": 42,
    "product": 10,
    "amount": 2
  }
},
{
  "model": "webapp.productorder",
  "pk": 3,
  "fields": {
    "order": 42,
    "product": 8,
    "amount": 1
  }
},
{
  "model": "webapp.productorder",
  "pk": 4,
  "fields": {
    "order": 42,
    "product": 2,
    "amount": 1
  }
},
{
  "model": "webapp.productorder",
  "pk": 5,
  "fields": {
    "order": 42,
    "product": 3,
    "amount": 2
  }
},
{
  "model": "webapp.productorder",
  "pk": 6,
  "fields": {
    "order": 42,
    "product": 7,
    "amount": 1
  }
},
{
  "model": "webapp.productorder",
  "pk": 7,
  "fields": {
    "order": 42,
    "product": 6,
    "amount": 1
  }
},
{
  "model": "webapp.productorder",
  "pk": 8,
  "fields": {
    "order": 42,
    "product": 4,
    "amount": 4
  }
},
{
  "model": "webapp.productorder",
  "pk": 9,
  "fields": {
    "order": 43,
    "product": 12,
    "amount": 5
  }
},
{
  "model": "webapp.productorder",
  "pk": 10,
  "fields": {
    "order": 43,
    "product": 10,
    "amount": 2
  }
},
{
  "model": "webapp.productorder",
  "pk": 11,
  "fields": {
    "order": 43,
    "product": 8,
    "amount": 1
  }
},
{
  "model": "webapp.productorder",
  "pk": 12,
  "fields": {
    "order": 43,
    "product": 2,
    "amount": 1
  }
},
{
  "model": "webapp.productorder",
  "pk": 13,
  "fields": {
    "order": 43,
    "product": 3,
    "amount": 2
  }
},
{
  "model": "webapp.productorder",
  "pk": 14,
  "fields": {
    "order": 43,
    "product": 7,
    "amount": 1
  }
},
{
  "model": "webapp.productorder",
  "pk": 15,
  "fields": {
    "order": 43,
    "product": 6,
    "amount": 1
  }
},
{
  "model": "webapp.productorder",
  "pk": 16,
  "fields": {
    "order": 43,
    "product": 4,
    "amount": 4
  }
},
{
  "model": "webapp.productorder",
  "pk": 17,
  "fields": {
    "order": 44,
    "product": 12,
    "amount": 5
  }
},
{
  "model": "webapp.productorder",
  "pk": 18,
  "fields": {
    "order": 44,
    "product": 10,
    "amount": 2
  }
},
{
  "model": "webapp.productorder",
  "pk": 19,
  "fields": {
    "order": 44,
    "product": 8,
    "amount": 1
  }
},
{
  "model": "webapp.productorder",
  "pk": 20,
  "fields": {
    "order": 44,
    "product": 2,
    "amount": 1
  }
},
{
  "model": "webapp.productorder",
  "pk": 21,
  "fields": {
    "order": 44,
    "product": 3,
    "amount": 2
  }
},
{
  "model": "webapp.productorder",
  "pk": 22,
  "fields": {
    "order": 44,
    "product": 7,
    "amount": 1
  }
},
{
  "model": "webapp.productorder",
  "pk": 23,
  "fields": {
    "order": 44,
    "product": 6,
    "amount": 1
  }
},
{
  "model": "webapp.productorder",
  "pk": 24,
  "fields": {
    "order": 44,
    "product": 4,
    "amount": 4
  }
},
{
  "model": "webapp.productorder",
  "pk": 25,
  "fields": {
    "order": 45,
    "product": 12,
    "amount": 5
  }
},
{
  "model": "webapp.productorder",
  "pk": 26,
  "fields": {
    "order": 45,
    "product": 10,
    "amount": 2
  }
},
{
  "model": "webapp.productorder",
  "pk": 27,
  "fields": {
    "order": 45,
    "product": 8,
    "amount": 1
  }
},
{
  "model": "webapp.productorder",
  "pk": 28,
  "fields": {
    "order": 45,
    "product": 2,
    "amount": 1
  }
},
{
  "model": "webapp.productorder",
  "pk": 29,
  "fields": {
    "order": 45,
    "product": 3,
    "amount": 2
  }
},
{
  "model": "webapp.productorder",
  "pk": 30,
  "fields": {
    "order": 45,
    "product": 7,
    "amount": 1
  }
},
{
  "model": "webapp.productorder",
  "pk": 31,
  "fields": {
    "order": 45,
    "product": 6,
    "amount": 1
  }
},
{
  "model": "webapp.productorder",
  "pk": 32,
  "fields": {
    "order": 45,
    "product": 4,
    "amount": 4
  }
},
{
  "model": "webapp.productorder",
  "pk": 33,
  "fields": {
    "order": 45,
    "product": 1,
    "amount": 1
  }
},
{
  "model": "webapp.productorder",
  "pk": 34,
  "fields": {
    "order": 46,
    "product": 10,
    "amount": 2
  }
},
{
  "model": "webapp.productorder",
  "pk": 35,
  "fields": {
    "order": 46,
    "product": 1,
    "amount": 1
  }
},
{
  "model": "webapp.order",
  "pk": 42,
  "fields": {
    "user_name": "Sasha",
    "telephone": "0700 980578",
    "address": "Bishkek 4 dictrict",
    "created_time": "2020-08-30T12:39:52.927Z"
  }
},
{
  "model": "webapp.order",
  "pk": 43,
  "fields": {
    "user_name": "\u0414\u0438\u043c\u0430",
    "telephone": "07070070707",
    "address": "11 \u043c\u043a\u0440",
    "created_time": "2020-08-30T14:36:21.536Z"
  }
},
{
  "model": "webapp.order",
  "pk": 44,
  "fields": {
    "user_name": "Max",
    "telephone": "00100100110",
    "address": "Sity",
    "created_time": "2020-08-30T16:59:42.493Z"
  }
},
{
  "model": "webapp.order",
  "pk": 45,
  "fields": {
    "user_name": "Virginiya",
    "telephone": "700700770077",
    "address": "Unated States",
    "created_time": "2020-08-30T17:23:03.050Z"
  }
},
{
  "model": "webapp.order",
  "pk": 46,
  "fields": {
    "user_name": "Gary",
    "telephone": "+78822656525",
    "address": "Magadan",
    "created_time": "2020-08-30T17:25:42.597Z"
  }
},
{
  "model": "auth.user",
  "pk": 1,
  "fields": {
    "password": "pbkdf2_sha256$150000$CsyTRATSGM1w$GLgGN1x8eS5rk4IOUbgMALr+MigEx6ymPQ/XdECYOg0=",
    "last_login": "2020-08-30T14:13:50.206Z",
    "is_superuser": true,
    "username": "admin",
    "first_name": "",
    "last_name": "",
    "email": "",
    "is_staff": true,
    "is_active": true,
    "date_joined": "2020-07-30T14:37:06.692Z",
    "groups": [],
    "user_permissions": []
  }
}
]
